claim_id,claim,theorem_or_lemma,proof_or_checker,source_or_test,raw_result,figure_or_table,maturity,boundary,fresh_recheck
C1,Capability simulation is monotone for exact optimum,Theorem C1,proofs/capability.md,definition of simulation preorder,not experimental,Fig. 2 and Sec. 3,handwritten_proof,capacities and cost units must be compatible,rerun from the current clean package by the documented checks
C2,No denotation-only exact materialization bound exists across declared capabilities,Corollary C5,proofs/capability.md; proofs/replay.md; proofs/integer-rank.md,src/capability_cases.py,results/capability_separations.csv,Fig. 1 and Table 2,handwritten_proof_plus_executable_witnesses,not a claim that all machine-independent lower bounds are impossible,rerun from the current clean package by the documented checks
R1,Replay evaluator terminates and preserves types and bag multiplicities in the declared pure fragment,Replay theorems,proofs/replay.md; src/replay.py; src/bags.py,inputs/semantic_cases.json,results/semantic.csv,Sec. 4 and App. A,handwritten_proof_plus_finite_crosschecks,not proof-assistant mechanized and not all well-typed programs,rerun from the current clean package by the documented checks
R2,Replay has zero derived-store transfers above a sufficient logical budget,Replay space theorem,proofs/replay.md; src/replay.py,inputs/semantic_cases.json,results/semantic.csv,Sec. 4 and Table 3,handwritten_proof_plus_finite_crosschecks,not total I/O optimality or a minimum byte bound,rerun from the current clean package by the documented checks
S1,Equal barrier states imply equal residual functions,Lemma R1,proofs/residual.md; formal/residual_theorem.py; formal/logic_kernel.py,formal/check.py,formal/check.py output,Sec. 5 and Fig. 3,kernel_checked_semantic_core,purpose-built kernel not external proof assistant,rerun from the current clean package by the documented checks
S2,"Finite one-way bit barrier optimum is 2 max(0, ceil(log2 N_F)-B)",Theorem R5,proofs/residual.md; src/residual_check.py,inputs/residual_cases.json,results/residual.csv,Sec. 5 and Table 4,handwritten_general_proof_plus_exhaustive_tiny_checks,static addressing and output-after-barrier restrictions are essential,rerun from the current clean package by the documented checks
I1,Positive polynomial summaries induce a nonnegative integer factorization,Positive substitution Lemma I1,proofs/integer-rank.md; formal/semiring_kernel.py,rank certificate sources,64 polynomial equality certificates,Sec. 6 and App. C,handwritten_general_proof_plus_symbolic_checks,requires zero-preserving positive arithmetic static control and no packing,rerun from the current clean package by the documented checks
I2,"Positive count-word barrier optimum is 2 max(0, rho_N(A)-M)",Theorem I2,proofs/integer-rank.md; src/integer_rank_check.py,inputs/rank_cases.json,results/integer_rank.csv,Sec. 6 and Fig. 4,handwritten_general_proof_plus_exact_tiny_certificates,temporary word transfers only; rank is established mathematics not claimed new,rerun from the current clean package by the documented checks
I3,Factorization compiler preserves the bilinear bag-count polynomial and obeys the declared two-phase/two-buffer schedule,Factor compiler lemma,proofs/integer-rank.md; formal/semiring_kernel.py; src/integer_rank.py; src/factor_schedule_check.py,64 retained factor packets; tests/test_revisions.py,10743 executed schedules; 313123 checked events; 13794 writes and 13794 restores; 64 normalized identities,Sec. 6 and App. D,kernel_checked_symbolic_certificates_plus_independent_event_checks,does not verify CPython or solve rank efficiently in general,rerun from the current clean package by run.py check and reproduction
O1,Two-slot occurrence product needs and suffices with nm+1 source-record reads,Occurrence-cache theorem,proofs/cache.md; src/cache_check.py,inputs/cache_cases.json,results/cache.csv,Sec. 7 and Table 5,handwritten_proof_plus_exact_certificates,occurrence identities and offline schedule code are outside cache slots,rerun from the current clean package by the documented checks
O2,"One-read occurrence threshold is min(n,m)+1 slots",Occurrence threshold theorem,proofs/cache.md,parameterized handwritten argument,not experimental,Sec. 7,handwritten_proof,not a byte bound and does not permit value-count compression,rerun from the current clean package by the documented checks
E1,"Retained bounded campaign has 985 instances and 30083 legacy-counted obligations, with new event-level schedule checks reported separately",Evaluation accounting,run.py and independent checkers,retained inputs,results/summary.json,Sec. 8 and Table 6,measured_and_reproducible,"30,083 uses the retained legacy definition; 313,123 event checks and four schedule mutations are separate",rerun from the current clean package by the documented reproduction
E2,"All 57 mutation, contract, and cross-component integrity tests pass",Test suite,tests/test_capability.py; tests/test_contracts.py; tests/test_integrity.py; tests/test_revisions.py; tests/test_independent_finite.py; tests/test_structured_cases.py,tests/test_capability.py; tests/test_contracts.py; tests/test_integrity.py; tests/test_revisions.py; tests/test_independent_finite.py; tests/test_structured_cases.py,test output,Sec. 8,executed_tests,not exhaustive implementation verification,current clean ZIP extraction must run 57 focused tests successfully
E3,One kernel theorem and 64 semiring identities check,Formal evidence scope,formal/check.py,retained certificates,formal check output,Sec. 8 and App. E,purpose_built_mechanization,not Lean Coq Agda Isabelle or interpreter verification,current clean extraction checks one first-order proof term and 64 semiring identities
E4,"The manuscript bibliography has 81 bibliographically verified, uniquely identified, cited scholarly sources and the audit covers each entry",Bibliography integrity gate,reference-audit.csv; literature-notes.md,reference-audit.csv,paper bibliography checker output,Sec. 8 and bibliography,machine_checked_metadata_plus_manual_source_audit,"the gate checks metadata, identifiers, citation coverage, and audit completeness; it is not an independent literature-review judgment","81 bibliography entries, 81 cited keys, 81 persistent identifiers, 75 unique DOI values, and zero static gate errors"
E5,"The retained repository packet is internally consistent across inputs, certificates, result tables, summary counts, ledgers, and resource records",Repository integrity audit,audit.py,tests/test_integrity.py; audit.py,audit.py output,Sec. 8 and App. E,executed_cross_file_integrity_check,the audit checks declared packet relations and package hygiene; it does not prove the mathematical theorems or Python runtime correctness,current clean extraction must pass the repository audit in package-clean mode
