id,name,scholarly_or_official_url,acquisition_url,license,resource_type,acquisition_method,integration_mode,supported_claim,internals_modified,access_date
dong2026,A Compiler for Fused Relational Operations on Multisets,https://doi.org/10.1145/3808283,https://compilers.stanford.edu/publications/fused-relational-algebra.pdf,CC BY 4.0 shown in article,scholarly article,retained full-text inspection; author record and claim-critical sections 4--6 rechecked,citation only; no bytes retained,closest multiset fusion compiler and its representation boundary,no,2026-10-06
indexed-streams,Indexed Streams: A Formal Intermediate Representation for Fused Contraction Programs,https://doi.org/10.1145/3591268,https://compilers.stanford.edu/publications/indexed-streams.pdf,public author manuscript; redistribution not assumed,scholarly article,author record and claim-critical sections 5--6 rechecked; unrelated arXiv acquisition link corrected,citation only; no bytes retained,formal fused contraction IR,no,2026-10-06
stateful-streams,Complete Fusion for Stateful Streams,https://arxiv.org/abs/2412.15768v2,https://arxiv.org/html/2412.15768v2,public preprint; redistribution not assumed,scholarly preprint,web full-text,citation only,representation-relative completeness,no,2026-09-15
stream-complete,Stream Fusion to Completeness,https://doi.org/10.1145/3009837.3009880,https://arxiv.org/abs/1612.06668,public author manuscript; redistribution not assumed,scholarly article,web full-text,citation only,stream completeness baseline,no,2026-09-15
stream-fusion,Stream Fusion: From Lists to Streams to Nothing at All,https://doi.org/10.1145/1291151.1291199,https://www.microsoft.com/en-us/research/publication/stream-fusion-from-lists-to-streams-to-nothing-at-all/,author page; redistribution not assumed,scholarly article,web full-text/author record,citation only,stream representation baseline,no,2026-09-15
shortcut,A Short Cut to Deforestation,https://doi.org/10.1145/165180.165214,https://www.microsoft.com/en-us/research/publication/a-short-cut-to-deforestation/,author page; redistribution not assumed,scholarly article,web full-text/author record,citation only,local fusion transformation baseline,no,2026-09-15
hongkung,I/O Complexity: The Red-Blue Pebble Game,https://doi.org/10.1145/800076.802486,https://www.eecs.harvard.edu/~htk/publication/1981-stoc-hong-kung.pdf,author-hosted; redistribution not assumed,scholarly article,web full-text,citation only,machine-dependent I/O lower-bound background,no,2026-09-15
pipeline,Pipelining in Multi-Query Optimization,https://doi.org/10.1016/S0022-0000(03)00031-X,https://www.cse.iitb.ac.in/~sudarsha/Pubs-dir/pipeline-journal.pdf,author-hosted; redistribution not assumed,scholarly article,web full-text,citation only,pipeline access-policy comparison,no,2026-09-15
fournier2019,Nonnegative Rank Measures and Monotone Algebraic Branching Programs,https://doi.org/10.4230/LIPIcs.FSTTCS.2019.15,https://drops.dagstuhl.de/entities/document/10.4230/LIPIcs.FSTTCS.2019.15,CC BY 3.0,scholarly article,retained full-text inspection; publisher record and rank definitions and model-dependent theorem 25 rechecked,citation only,existing nonnegative-rank/monotone links and model dependence,no,2026-10-06
gouveia2026,Matrices of Nonnegative Integer Rank Two,https://arxiv.org/abs/2602.05957,https://arxiv.org/html/2602.05957,public preprint; redistribution not assumed,scholarly preprint,retained full-text inspection; primary preprint introduction and section 2 rechecked,citation only,current integer-rank algorithms and terminology,no,2026-10-06
debray1993,Cost Analysis of Logic Programs,https://doi.org/10.1145/161468.161472,https://www2.cs.arizona.edu/~debray/Publications/cost_analysis.html,publisher/author access; redistribution not assumed,TOPLAS article,full article/eReader calibration,citation only,resource-semantics narrative and soundness calibration,no,2026-09-15
fradet1991,Compilation of Functional Languages by Program Transformation,https://doi.org/10.1145/114005.102805,https://pop-art.inrialpes.fr/~fradet/abstracts.html,publisher/author access; redistribution not assumed,TOPLAS article,full article calibration,citation only,transformation correctness narrative,no,2026-09-15
waters1991,Automatic Transformation of Series Expressions into Loops,https://dblp.org/rec/journals/toplas/Waters91,https://www.cs.cmu.edu/afs/cs/project/ai-repository/ai/lang/lisp/code/iter/series/0.html,publisher/author access; redistribution not assumed,TOPLAS article,full article calibration,citation only,intermediate-elimination compiler calibration,no,2026-09-15
sands1996,Total Correctness by Local Improvement in the Transformation of Functional Programs,https://doi.org/10.1145/227699.227716,https://dblp.org/rec/journals/toplas/Sands96,publisher/author access; redistribution not assumed,TOPLAS article,full article calibration,citation only,transformation correctness and improvement theorem pattern,no,2026-09-15
assmann2000,Graph Rewrite Systems for Program Optimization,https://doi.org/10.1145/363911.363914,https://dblp.org/rec/journals/toplas/Assmann00,publisher/author access; redistribution not assumed,TOPLAS article,full article calibration,citation only,proof-aware optimization framework calibration,no,2026-09-15
walker2000,Typed Memory Management via Static Capabilities,https://doi.org/10.1145/363911.363923,https://www.cs.cmu.edu/~dpw/papers.html,author access; redistribution not assumed,TOPLAS article,full article calibration,citation only,capabilities made explicit in language semantics,no,2026-09-15
quillere2000,Optimizing Memory Usage in the Polyhedral Model,https://doi.org/10.1145/365151.365152,https://dl.acm.org/doi/10.1145/365151.365152,open access article,TOPLAS article,full article/eReader calibration,citation only,constructive tight memory bound calibration,no,2026-09-15
kalvala2009,Program Transformations Using Temporal Logic Side Conditions,https://doi.org/10.1145/1516507.1516509,https://wrap.warwick.ac.uk/47532/,author accepted version; redistribution not assumed,TOPLAS article,full article calibration,citation only,side-condition and trusted transformation calibration,no,2026-09-15
hoffmann2012,Multivariate Amortized Resource Analysis,https://doi.org/10.1145/2362389.2362393,https://dblp.org/rec/journals/toplas/0002AH12,publisher/author access; redistribution not assumed,TOPLAS article,full article calibration,citation only,resource analysis and evaluation calibration,no,2026-09-15
nandivada2013,A Transformation Framework for Optimizing Task-Parallel Programs,https://doi.org/10.1145/2450136.2450138,https://dblp.org/rec/journals/toplas/NandivadaSZS13,publisher/author access; redistribution not assumed,TOPLAS article,full article calibration,citation only,semantics-sensitive legality and evaluation calibration,no,2026-09-15
jangda2020,An Effective Fusion and Tile Size Model for PolyMage,https://doi.org/10.1145/3404846,https://dblp.org/rec/journals/toplas/JangdaB20,open access article,TOPLAS article,full article calibration,citation only,fusion cost-model comparison,no,2026-09-15
frohn2020,Inferring Lower Runtime Bounds for Integer Programs,https://doi.org/10.1145/3410331,https://arxiv.org/abs/1911.01077,public preprint; redistribution not assumed,TOPLAS article,full arXiv/eReader calibration,citation only,lower-bound pipeline and evaluation calibration,no,2026-09-15
acmart,ACM article class v2.20 supplied template,https://www.acm.org/publications/authors/submissions,supplied TEMPLATE zip,LaTeX Project Public License as retained,official template asset,supplied exact bytes,compiled unchanged,initial internal article layout,no,2026-09-15
toplas-guide,TOPLAS author guidelines,https://dl.acm.org/journal/toplas/author-guidelines,https://dl.acm.org/journal/toplas/author-guidelines,official web page,venue rule page,live fetch attempted and returned access failure,workflow evidence only,submission readiness hold,no,2026-09-15
