key,title,year,entry_type,persistent_id,verification_basis,access_date,technical_role,cited_in
dong2026,A Compiler for Fused Relational Operations on Multisets,2026,article,doi:10.1145/3808283,publisher/author full text or bibliographic record inspected during the retained literature calibration,2026-09-15,multiset compiler and collection IR,"Secs. 1 and 8, fused multiset/collection IR comparison"
kovach2023,Indexed Streams: A Formal Intermediate Representation for Fused Contraction Programs,2023,article,doi:10.1145/3591268,publisher/author full text or bibliographic record inspected during the retained literature calibration,2026-09-15,multiset compiler and collection IR,"Secs. 1 and 8, fused multiset/collection IR comparison"
shaikhha2022,Functional Collection Programming with Semi-ring Dictionaries,2022,article,doi:10.1145/3527333,publisher/author full text or bibliographic record inspected during the retained literature calibration,2026-09-15,multiset compiler and collection IR,"Secs. 1 and 8, fused multiset/collection IR comparison"
wadler1990,Deforestation: Transforming Programs to Eliminate Trees,1990,article,doi:10.1016/0304-3975(90)90147-A,publisher/author full text or bibliographic record inspected during the retained literature calibration,2026-09-15,functional fusion,"Sec. 8, Fusion and intermediate elimination"
gill1993,A Short Cut to Deforestation,1993,inproceedings,doi:10.1145/165180.165214,publisher/author full text or bibliographic record inspected during the retained literature calibration,2026-09-15,functional fusion,"Sec. 8, Fusion and intermediate elimination"
coutts2007,Stream Fusion: From Lists to Streams to Nothing at All,2007,inproceedings,doi:10.1145/1291151.1291199,publisher/author full text or bibliographic record inspected during the retained literature calibration,2026-09-15,functional fusion,"Sec. 8, Fusion and intermediate elimination"
kiselyov2017,"Stream Fusion, to Completeness",2017,inproceedings,doi:10.1145/3009837.3009880,publisher/author full text or bibliographic record inspected during the retained literature calibration,2026-09-15,functional fusion,"Sec. 8, Fusion and intermediate elimination"
kiselyov2026,Complete Fusion for Stateful Streams: Equational Theory of Stateful Streams and Fusion as Normalization-by-Evaluation,2026,misc,https://arxiv.org/abs/2412.15768v2,current arXiv record and full preprint inspected; cited explicitly as a preprint,2026-09-17,functional fusion,"Sec. 8, Fusion and intermediate elimination"
dalvi2003,Pipelining in Multi-Query Optimization,2003,article,doi:10.1016/S0022-0000(03)00031-X,publisher/author full text or bibliographic record inspected during the retained literature calibration,2026-09-15,database execution and optimization,"Sec. 8, Relational execution and query compilation"
hong1981,{I/O} Complexity: The Red-Blue Pebble Game,1981,inproceedings,doi:10.1145/800076.802486,publisher/author full text or bibliographic record inspected during the retained literature calibration,2026-09-15,"I/O, communication, and state lower bounds","Secs. 3, 5, and 8, lower-bound models"
aggarwal1988,The Input/Output Complexity of Sorting and Related Problems,1988,article,doi:10.1145/48529.48535,publisher/author full text or bibliographic record inspected during the retained literature calibration,2026-09-15,"I/O, communication, and state lower bounds","Secs. 3, 5, and 8, lower-bound models"
kushilevitz1997,Communication Complexity,1997,book,doi:10.1017/CBO9780511574948,publisher/author full text or bibliographic record inspected during the retained literature calibration,2026-09-15,"I/O, communication, and state lower bounds","Secs. 3, 5, and 8, lower-bound models"
yannakakis1988,Expressing Combinatorial Optimization Problems by Linear Programs,1988,inproceedings,doi:10.1145/62212.62232,publisher/author full text or bibliographic record inspected during the retained literature calibration,2026-09-15,nonnegative rank and monotone computation,"Secs. 1, 6, and 8, positive barrier and rank boundary"
fournier2019,Nonnegative Rank Measures and Monotone Algebraic Branching Programs,2019,inproceedings,doi:10.4230/LIPIcs.FSTTCS.2019.15,publisher/author full text or bibliographic record inspected during the retained literature calibration,2026-09-15,nonnegative rank and monotone computation,"Secs. 1, 6, and 8, positive barrier and rank boundary"
gouveia2026,Matrices of Nonnegative Integer Rank Two,2026,misc,https://arxiv.org/abs/2602.05957,current arXiv record and full preprint inspected; cited explicitly as a preprint,2026-09-17,nonnegative rank and monotone computation,"Secs. 1, 6, and 8, positive barrier and rank boundary"
debray1993,Cost Analysis of Logic Programs,1993,article,doi:10.1145/161468.161472,publisher/author full text or bibliographic record inspected during the retained literature calibration,2026-09-15,resource semantics and analysis,"Sec. 8, Resource semantics and lower-bound models"
hoffmann2012,Multivariate Amortized Resource Analysis,2012,article,doi:10.1145/2362389.2362393,publisher/author full text or bibliographic record inspected during the retained literature calibration,2026-09-15,resource semantics and analysis,"Sec. 8, Resource semantics and lower-bound models"
frohn2020,Inferring Lower Runtime Bounds for Integer Programs,2020,article,doi:10.1145/3410331,publisher/author full text or bibliographic record inspected during the retained literature calibration,2026-09-15,resource semantics and analysis,"Sec. 8, Resource semantics and lower-bound models"
fradet1991,Compilation of Functional Languages by Program Transformation,1991,article,doi:10.1145/114005.102805,publisher/author full text or bibliographic record inspected during the retained literature calibration,2026-09-15,program transformation and certification,"Secs. 5, 6, and 8, transformation correctness/certificates"
waters1991,Automatic Transformation of Series Expressions into Loops,1991,article,https://dblp.org/rec/journals/toplas/Waters91,"Stable DBLP bibliographic record; title, author, venue, volume, issue, pages, and year cross-checked against the retained BibTeX entry.",2026-09-15,program transformation and certification,"Secs. 5, 6, and 8, transformation correctness/certificates"
sands1996,Total Correctness by Local Improvement in the Transformation of Functional Programs,1996,article,doi:10.1145/227699.227716,publisher/author full text or bibliographic record inspected during the retained literature calibration,2026-09-15,program transformation and certification,"Secs. 5, 6, and 8, transformation correctness/certificates"
assmann2000,Graph Rewrite Systems for Program Optimization,2000,article,doi:10.1145/363911.363914,publisher/author full text or bibliographic record inspected during the retained literature calibration,2026-09-15,program transformation and certification,"Secs. 5, 6, and 8, transformation correctness/certificates"
walker2000,Typed Memory Management via Static Capabilities,2000,article,doi:10.1145/363911.363923,publisher/author full text or bibliographic record inspected during the retained literature calibration,2026-09-15,program transformation and certification,"Secs. 5, 6, and 8, transformation correctness/certificates"
quillere2000,Optimizing Memory Usage in the Polyhedral Model,2000,article,doi:10.1145/365151.365152,publisher/author full text or bibliographic record inspected during the retained literature calibration,2026-09-15,program transformation and certification,"Secs. 5, 6, and 8, transformation correctness/certificates"
kalvala2009,Program Transformations Using Temporal Logic Side Conditions,2009,article,doi:10.1145/1516507.1516509,publisher/author full text or bibliographic record inspected during the retained literature calibration,2026-09-15,program transformation and certification,"Secs. 5, 6, and 8, transformation correctness/certificates"
nandivada2013,A Transformation Framework for Optimizing Task-Parallel Programs,2013,article,doi:10.1145/2450136.2450138,publisher/author full text or bibliographic record inspected during the retained literature calibration,2026-09-15,program transformation and certification,"Secs. 5, 6, and 8, transformation correctness/certificates"
jangda2020,An Effective Fusion and Tile Size Model for PolyMage,2020,article,doi:10.1145/3404846,publisher/author full text or bibliographic record inspected during the retained literature calibration,2026-09-15,program transformation and certification,"Secs. 5, 6, and 8, transformation correctness/certificates"
necula1997,Proof-Carrying Code,1997,inproceedings,doi:10.1145/263699.263712,publisher/author full text or bibliographic record inspected during the retained literature calibration,2026-09-15,program transformation and certification,"Secs. 5, 6, and 8, transformation correctness/certificates"
leroy2009,Formal Verification of a Realistic Compiler,2009,article,doi:10.1145/1538788.1538814,publisher/author full text or bibliographic record inspected during the retained literature calibration,2026-09-15,program transformation and certification,"Secs. 5, 6, and 8, transformation correctness/certificates"
pnueli1998,Translation Validation,1998,inproceedings,doi:10.1007/BFb0054170,publisher/author full text or bibliographic record inspected during the retained literature calibration,2026-09-15,program transformation and certification,"Secs. 5, 6, and 8, transformation correctness/certificates"
green2007,Provenance Semirings,2007,inproceedings,doi:10.1145/1265530.1265535,publisher/author full text or bibliographic record inspected during the retained literature calibration,2026-09-15,bag and semiring semantics,"Secs. 2 and 8, bag semantics and semirings"
libkin1997,Query Languages for Bags and Aggregate Functions,1997,article,doi:10.1006/jcss.1997.1523,publisher/author full text or bibliographic record inspected during the retained literature calibration,2026-09-15,bag and semiring semantics,"Secs. 2 and 8, bag semantics and semirings"
ngo2018,Worst-Case Optimal Join Algorithms,2018,article,doi:10.1145/3180143,publisher/author full text or bibliographic record inspected during the retained literature calibration,2026-09-15,join algorithms,"Sec. 8, Join algorithms and fused multiset compilation"
graefe1993,Query Evaluation Techniques for Large Databases,1993,article,doi:10.1145/152610.152611,publisher/author full text or bibliographic record inspected during the retained literature calibration,2026-09-15,database execution and optimization,"Sec. 8, Relational execution and query compilation"
papp2025,The Impact of Partial Computations on the Red-Blue Pebble Game,2025,inproceedings,doi:10.1145/3694906.3743320,publisher/author full text or bibliographic record inspected during the retained literature calibration,2026-09-15,"I/O, communication, and state lower bounds","Secs. 3, 5, and 8, lower-bound models"
codd1970,A Relational Model of Data for Large Shared Data Banks,1970,article,doi:10.1145/362384.362685,bibliographic metadata and DOI/stable URL checked against Dong--Kjolstad 2026 full-text reference list; technical scope read in the cited or closest full text where used,2026-09-17,database execution and optimization,"Sec. 8, Relational execution and query compilation"
lamperti2001,On Multisets in Database Systems,2001,incollection,doi:10.1007/3-540-45523-X_9,bibliographic metadata and DOI/stable URL checked against Dong--Kjolstad 2026 full-text reference list; technical scope read in the cited or closest full text where used,2026-09-17,bag and semiring semantics,"Secs. 2 and 8, bag semantics and semirings"
syropoulos2001,Mathematics of Multisets,2001,incollection,doi:10.1007/3-540-45523-X_17,bibliographic metadata and DOI/stable URL checked against Dong--Kjolstad 2026 full-text reference list; technical scope read in the cited or closest full text where used,2026-09-17,bag and semiring semantics,"Secs. 2 and 8, bag semantics and semirings"
hellerstein2007,Architecture of a Database System,2007,article,doi:10.1561/1900000002,bibliographic metadata and DOI/stable URL checked against Dong--Kjolstad 2026 full-text reference list; technical scope read in the cited or closest full text where used,2026-09-17,database execution and optimization,"Sec. 8, Relational execution and query compilation"
chaudhuri1998,An Overview of Query Optimization in Relational Systems,1998,inproceedings,doi:10.1145/275487.275492,bibliographic metadata and DOI/stable URL checked against Dong--Kjolstad 2026 full-text reference list; technical scope read in the cited or closest full text where used,2026-09-17,database execution and optimization,"Sec. 8, Relational execution and query compilation"
selinger1979,Access Path Selection in a Relational Database Management System,1979,inproceedings,doi:10.1145/582095.582099,bibliographic metadata and DOI/stable URL checked against Dong--Kjolstad 2026 full-text reference list; technical scope read in the cited or closest full text where used,2026-09-17,database execution and optimization,"Sec. 8, Relational execution and query compilation"
graefe1994,Volcano---An Extensible and Parallel Query Evaluation System,1994,article,doi:10.1109/69.273032,bibliographic metadata and DOI/stable URL checked against Dong--Kjolstad 2026 full-text reference list; technical scope read in the cited or closest full text where used,2026-09-17,database execution and optimization,"Sec. 8, Relational execution and query compilation"
abadi2008,Column-Stores vs. Row-Stores: How Different Are They Really?,2008,inproceedings,doi:10.1145/1376616.1376712,bibliographic metadata and DOI/stable URL checked against Dong--Kjolstad 2026 full-text reference list; technical scope read in the cited or closest full text where used,2026-09-17,database execution and optimization,"Sec. 8, Relational execution and query compilation"
boncz2005,{MonetDB/X100}: Hyper-Pipelining Query Execution,2005,inproceedings,https://dblp.org/rec/conf/cidr/BonczZN05,DBLP conference record and CWI/CIDR proceedings metadata cross-check.,2026-09-17,database execution and optimization,"Sec. 8, Relational execution and query compilation"
kemper2011,{HyPer}: A Hybrid {OLTP\&OLAP} Main Memory Database System Based on Virtual Memory Snapshots,2011,inproceedings,doi:10.1109/ICDE.2011.5767867,bibliographic metadata and DOI/stable URL checked against Dong--Kjolstad 2026 full-text reference list; technical scope read in the cited or closest full text where used,2026-09-17,database execution and optimization,"Sec. 8, Relational execution and query compilation"
menon2017,"Relaxed Operator Fusion for In-Memory Databases: Making Compilation, Vectorization, and Prefetching Work Together at Last",2017,article,doi:10.14778/3151113.3151114,bibliographic metadata and DOI/stable URL checked against Dong--Kjolstad 2026 full-text reference list; technical scope read in the cited or closest full text where used,2026-09-17,database execution and optimization,"Sec. 8, Relational execution and query compilation"
kersten2018,Everything You Always Wanted to Know about Compiled and Vectorized Queries but Were Afraid to Ask,2018,article,doi:10.14778/3275366.3284966,bibliographic metadata and DOI/stable URL checked against Dong--Kjolstad 2026 full-text reference list; technical scope read in the cited or closest full text where used,2026-09-17,database execution and optimization,"Sec. 8, Relational execution and query compilation"
neumann2020,{Umbra}: A Disk-Based System with In-Memory Performance,2020,inproceedings,https://www.vldb.org/cidrdb/papers/2020/p29-neumann-cidr20.pdf,Official CIDR paper page and seven-page paper PDF cross-check.,2026-09-17,database execution and optimization,"Sec. 8, Relational execution and query compilation"
aberger2017,{EmptyHeaded}: A Relational Engine for Graph Processing,2017,article,doi:10.1145/3129246,bibliographic metadata and DOI/stable URL checked against Dong--Kjolstad 2026 full-text reference list; technical scope read in the cited or closest full text where used,2026-09-17,join algorithms,"Sec. 8, Join algorithms and fused multiset compilation"
ngo2012,Worst-Case Optimal Join Algorithms,2012,inproceedings,doi:10.1145/2213556.2213565,bibliographic metadata and DOI/stable URL checked against Dong--Kjolstad 2026 full-text reference list; technical scope read in the cited or closest full text where used,2026-09-17,join algorithms,"Sec. 8, Join algorithms and fused multiset compilation"
ngo2014,Skew Strikes Back: New Developments in the Theory of Join Algorithms,2014,article,doi:10.1145/2590989.2590991,bibliographic metadata and DOI/stable URL checked against Dong--Kjolstad 2026 full-text reference list; technical scope read in the cited or closest full text where used,2026-09-17,join algorithms,"Sec. 8, Join algorithms and fused multiset compilation"
veldhuizen2014,"Leapfrog Triejoin: A Simple, Worst-Case Optimal Join Algorithm",2014,inproceedings,doi:10.5441/002/icdt.2014.13,bibliographic metadata and DOI/stable URL checked against Dong--Kjolstad 2026 full-text reference list; technical scope read in the cited or closest full text where used,2026-09-17,join algorithms,"Sec. 8, Join algorithms and fused multiset compilation"
wang2023,Free Join: Unifying Worst-Case Optimal and Traditional Joins,2023,article,doi:10.1145/3589295,bibliographic metadata and DOI/stable URL checked against Dong--Kjolstad 2026 full-text reference list; technical scope read in the cited or closest full text where used,2026-09-17,join algorithms,"Sec. 8, Join algorithms and fused multiset compilation"
freitag2020,Adopting Worst-Case Optimal Joins in Relational Database Systems,2020,article,https://www.vldb.org/pvldb/vol13/p1891-freitag.pdf,bibliographic metadata and DOI/stable URL checked against Dong--Kjolstad 2026 full-text reference list; technical scope read in the cited or closest full text where used,2026-09-17,join algorithms,"Sec. 8, Join algorithms and fused multiset compilation"
kjolstad2017,The Tensor Algebra Compiler,2017,article,doi:10.1145/3133901,bibliographic metadata and DOI/stable URL checked against Dong--Kjolstad 2026 full-text reference list; technical scope read in the cited or closest full text where used,2026-09-17,sparse tensor compilation,"Sec. 8, Sparse tensor and collection intermediate representations"
chou2018,Format Abstraction for Sparse Tensor Algebra Compilers,2018,article,doi:10.1145/3276493,bibliographic metadata and DOI/stable URL checked against Dong--Kjolstad 2026 full-text reference list; technical scope read in the cited or closest full text where used,2026-09-17,sparse tensor compilation,"Sec. 8, Sparse tensor and collection intermediate representations"
kjolstad2019,Tensor Algebra Compilation with Workspaces,2019,inproceedings,https://doi.org/10.1109/CGO.2019.8661185,"Author publication page, TACO publication list, and DBLP DOI record cross-check.",2026-09-17,sparse tensor compilation,"Sec. 8, Sparse tensor and collection intermediate representations"
henry2021,Compilation of Sparse Array Programming Models,2021,article,doi:10.1145/3485505,bibliographic metadata and DOI/stable URL checked against Dong--Kjolstad 2026 full-text reference list; technical scope read in the cited or closest full text where used,2026-09-17,sparse tensor compilation,"Sec. 8, Sparse tensor and collection intermediate representations"
senanayake2020,A Sparse Iteration Space Transformation Framework for Sparse Tensor Algebra,2020,article,doi:10.1145/3428226,bibliographic metadata and DOI/stable URL checked against Dong--Kjolstad 2026 full-text reference list; technical scope read in the cited or closest full text where used,2026-09-17,sparse tensor compilation,"Sec. 8, Sparse tensor and collection intermediate representations"
root2024,Compilation of Shape Operators on Sparse Arrays,2024,article,doi:10.1145/3689752,bibliographic metadata and DOI/stable URL checked against Dong--Kjolstad 2026 full-text reference list; technical scope read in the cited or closest full text where used,2026-09-17,sparse tensor compilation,"Sec. 8, Sparse tensor and collection intermediate representations"
cohen1993,"Nonnegative Ranks, Decompositions, and Factorizations of Nonnegative Matrices",1993,article,doi:10.1016/0024-3795(93)90224-C,"publisher, institutional, or author metadata/full-text record rechecked by exact-title search",2026-09-17,nonnegative rank and monotone computation,"Secs. 1, 6, and 8, positive barrier and rank boundary"
jerrum1982,Some Exact Complexity Results for Straight-Line Computations over Semirings,1982,article,doi:10.1145/322326.322341,"publisher, institutional, or author metadata/full-text record rechecked by exact-title search",2026-09-17,nonnegative rank and monotone computation,"Secs. 1, 6, and 8, positive barrier and rank boundary"
hofmann2003,Static Prediction of Heap Space Usage for First-Order Functional Programs,2003,inproceedings,doi:10.1145/640128.604148,"publisher, institutional, or author metadata/full-text record rechecked by exact-title search",2026-09-17,resource semantics and analysis,"Sec. 8, Resource semantics and lower-bound models"
danner2015,Denotational Cost Semantics for Functional Languages with Inductive Types,2015,inproceedings,doi:10.1145/2858949.2784749,"publisher, institutional, or author metadata/full-text record rechecked by exact-title search",2026-09-17,resource semantics and analysis,"Sec. 8, Resource semantics and lower-bound models"
neumann2011,Efficiently Compiling Efficient Query Plans for Modern Hardware,2011,article,doi:10.14778/2002938.2002940,Publisher DOI record and Technical University of Munich bibliographic record cross-checked.,2026-09-17,compiled relational query execution,"Sec. 8, Relational execution and query compilation"
shaikhha2018,Building Efficient Query Engines in a High-Level Language,2018,article,doi:10.1145/3183653,"ACM DOI metadata, institutional repository record, and author manuscript metadata cross-checked.",2026-09-17,generative high-level query engines,"Sec. 8, Relational execution and query compilation"
tahboub2018,"How to Architect a Query Compiler, Revisited",2018,inproceedings,doi:10.1145/3183713.3196893,ACM DOI metadata and DBLP-derived proceedings metadata cross-checked.,2026-09-17,staged query-compiler architecture,"Sec. 8, Relational execution and query compilation"
ahmad2012,"DBToaster: Higher-Order Delta Processing for Dynamic, Frequently Fresh Views",2012,article,doi:10.14778/2336664.2336670,"PVLDB archive, DOI metadata, and institutional bibliographic record cross-checked.",2026-09-17,incremental view maintenance and deliberate materialization,"Sec. 8, Relational execution and query compilation"
olteanu2015,Size Bounds for Factorised Representations of Query Results,2015,article,doi:10.1145/2656335,ACM TODS DOI metadata and DBLP volume record cross-checked.,2026-09-17,factorised relational result representations,"Sec. 8, Join algorithms and fused multiset compilation"
chou2020,Automatic Generation of Efficient Sparse Tensor Format Conversion Routines,2020,inproceedings,doi:10.1145/3385412.3385963,ACM publisher record and Stanford Compilers Lab author record cross-checked.,2026-09-17,sparse format conversion compilation,"Sec. 8, Sparse tensor and collection intermediate representations"
bik2022,Compiler Support for Sparse Tensor Computations in MLIR,2022,article,doi:10.1145/3544559,"ACM TACO metadata, DBLP record, and author publication page cross-checked.",2026-09-17,sparse tensor compilation in MLIR,"Sec. 8, Sparse tensor and collection intermediate representations"
ahrens2022,Autoscheduling for Sparse Tensor Algebra with an Asymptotic Cost Model,2022,inproceedings,doi:10.1145/3519939.3523442,"Stanford Compilers Lab author record, ACM proceedings metadata, and SIGPLAN program cross-checked.",2026-09-17,asymptotic scheduling for sparse tensor programs,"Sec. 8, Sparse tensor and collection intermediate representations"
fiorini2015,Exponential Lower Bounds for Polytopes in Combinatorial Optimization,2015,article,doi:10.1145/2716307,ACM JACM publisher record and DBLP metadata cross-checked.,2026-09-17,nonnegative rank and extension-complexity lower bounds,"Sec. 8, Bag semantics semirings and positive computation"
ballard2011,Minimizing Communication in Numerical Linear Algebra,2011,article,doi:10.1137/090769156,SIAM publisher record and DBLP metadata cross-checked.,2026-09-17,communication lower bounds under explicit memory models,"Sec. 8, Resource semantics and lower-bound models"
meijer1991,"Functional Programming with Bananas, Lenses, Envelopes and Barbed Wire",1991,inproceedings,doi:10.1007/3540543961_7,DBLP record and Springer DOI metadata cross-checked.,2026-09-17,recursion schemes underlying algebraic fusion,"Sec. 8, Fusion and intermediate elimination"
launchbury1995,Warm Fusion: Deriving Build-Catas from Recursive Definitions,1995,inproceedings,doi:10.1145/224164.224223,ACM Digital Library proceedings record inspected.,2026-09-17,fusion derivation from recursive definitions,"Sec. 8, Fusion and intermediate elimination"
leis2014,Morsel-Driven Parallelism: A NUMA-Aware Query Evaluation Framework for the Many-Core Age,2014,inproceedings,doi:10.1145/2588555.2610507,TUM and CWI publication records plus ACM DOI metadata cross-checked.,2026-09-17,"pipeline breakers, dynamic scheduling, and NUMA-aware query execution","Sec. 8, Relational execution and query compilation"
ahrens2023,Looplets: A Language for Structured Coiteration,2023,inproceedings,doi:10.1145/3579990.3580020,Stanford Compilers Lab record and MIT published-version repository cross-checked.,2026-09-17,structured coiteration representation for sparse and structured arrays,"Sec. 8, Sparse tensor and collection intermediate representations"
yadav2022,DISTAL: The Distributed Tensor Algebra Compiler,2022,inproceedings,doi:10.1145/3519939.3523437,Stanford Compilers Lab record and PLDI program metadata cross-checked.,2026-09-17,separate data and computation mapping for distributed tensor algebra,"Sec. 8, Sparse tensor and collection intermediate representations"
choudynamic2022,Compilation of Dynamic Sparse Tensor Algebra,2022,article,doi:10.1145/3563338,TACO publication record and OOPSLA program metadata cross-checked.,2026-09-17,compiler support for dynamic pointer-based sparse formats,"Sec. 8, Sparse tensor and collection intermediate representations"
lopes2021,Alive2: Bounded Translation Validation for LLVM,2021,inproceedings,doi:10.1145/3453483.3454030,PLDI proceedings record and institutional publication metadata cross-checked.,2026-09-17,bounded translation validation with an independent semantic checker,"Sec. 8, Transformation correctness and certificates"
