id,family,rows,cols,rank,rank_one_atoms,potential_states,checked_inequalities,source_nodes,source_probes,numeric_schedule_comparisons,schedule_events_checked,slow_writes_checked,slow_reads_checked
rank-000,binary-2x2,2,2,0,0,1,0,1,9,49,147,0,0
rank-001,binary-2x2,2,2,1,1,2,1,7,9,98,1078,49,49
rank-002,binary-2x2,2,2,1,1,2,1,7,9,98,1078,49,49
rank-003,binary-2x2,2,2,1,3,4,5,13,9,98,1078,49,49
rank-004,binary-2x2,2,2,1,1,2,1,7,9,98,1078,49,49
rank-005,binary-2x2,2,2,1,3,4,5,13,9,98,1078,49,49
rank-006,binary-2x2,2,2,2,2,4,4,13,9,147,2793,147,147
rank-007,binary-2x2,2,2,2,5,8,16,19,9,147,2793,147,147
rank-008,binary-2x2,2,2,1,1,2,1,7,9,98,1078,49,49
rank-009,binary-2x2,2,2,2,2,4,4,13,9,147,2793,147,147
rank-010,binary-2x2,2,2,1,3,4,5,13,9,98,1078,49,49
rank-011,binary-2x2,2,2,2,5,8,16,19,9,147,2793,147,147
rank-012,binary-2x2,2,2,1,3,4,5,13,9,98,1078,49,49
rank-013,binary-2x2,2,2,2,5,8,16,19,9,147,2793,147,147
rank-014,binary-2x2,2,2,2,5,8,16,19,9,147,2793,147,147
rank-015,binary-2x2,2,2,1,9,16,49,25,9,98,1078,49,49
rank-016,ternary-2x2,2,2,1,2,3,3,7,9,98,1078,49,49
rank-017,ternary-2x2,2,2,1,5,6,12,13,9,98,1078,49,49
rank-018,ternary-2x2,2,2,1,2,3,3,7,9,98,1078,49,49
rank-019,ternary-2x2,2,2,1,5,6,12,13,9,98,1078,49,49
rank-020,ternary-2x2,2,2,1,8,9,27,13,9,98,1078,49,49
rank-021,ternary-2x2,2,2,1,5,6,12,13,9,98,1078,49,49
rank-022,ternary-2x2,2,2,2,8,12,36,19,9,147,2793,147,147
rank-023,ternary-2x2,2,2,2,3,6,9,13,9,147,2793,147,147
rank-024,ternary-2x2,2,2,2,7,12,33,19,9,147,2793,147,147
rank-025,ternary-2x2,2,2,2,11,18,72,19,9,147,2793,147,147
rank-026,ternary-2x2,2,2,1,2,3,3,7,9,98,1078,49,49
rank-027,ternary-2x2,2,2,1,5,6,12,13,9,98,1078,49,49
rank-028,ternary-2x2,2,2,1,8,9,27,13,9,98,1078,49,49
rank-029,ternary-2x2,2,2,2,3,6,9,13,9,147,2793,147,147
rank-030,ternary-2x2,2,2,2,7,12,33,19,9,147,2793,147,147
rank-031,ternary-2x2,2,2,2,11,18,72,19,9,147,2793,147,147
rank-032,ternary-2x2,2,2,2,4,9,18,13,9,147,2793,147,147
rank-033,ternary-2x2,2,2,2,9,18,63,19,9,147,2793,147,147
rank-034,ternary-2x2,2,2,2,14,27,135,19,9,147,2793,147,147
rank-035,ternary-2x2,2,2,2,3,6,9,13,9,147,2793,147,147
rank-036,ternary-2x2,2,2,2,7,12,33,19,9,147,2793,147,147
rank-037,ternary-2x2,2,2,1,5,6,12,13,9,98,1078,49,49
rank-038,ternary-2x2,2,2,2,8,12,36,19,9,147,2793,147,147
rank-039,ternary-2x2,2,2,2,11,18,72,19,9,147,2793,147,147
rank-040,ternary-2x2,2,2,2,7,12,33,19,9,147,2793,147,147
rank-041,ternary-2x2,2,2,2,12,24,98,25,9,147,2793,147,147
rank-042,ternary-2x2,2,2,2,7,12,33,19,9,147,2793,147,147
rank-043,ternary-2x2,2,2,2,12,24,98,25,9,147,2793,147,147
rank-044,ternary-2x2,2,2,1,17,36,194,25,9,98,1078,49,49
rank-045,ternary-2x2,2,2,1,5,6,12,13,9,98,1078,49,49
rank-046,ternary-2x2,2,2,2,8,12,36,19,9,147,2793,147,147
rank-047,ternary-2x2,2,2,2,11,18,72,19,9,147,2793,147,147
rank-048,binary-3x3-selected,3,3,0,0,1,0,1,14,100,300,0,0
rank-049,binary-3x3-selected,3,3,1,1,2,1,7,14,200,2600,100,100
rank-050,binary-3x3-selected,3,3,1,3,4,5,13,14,200,2600,100,100
rank-051,binary-3x3-selected,3,3,1,7,8,19,19,14,200,2600,100,100
rank-052,binary-3x3-selected,3,3,2,9,16,50,25,14,300,6900,300,300
rank-053,binary-3x3-selected,3,3,2,9,16,50,25,14,300,6900,300,300
rank-054,binary-3x3-selected,3,3,1,9,16,49,25,14,200,2600,100,100
rank-055,binary-3x3-selected,3,3,3,6,16,40,25,14,300,9900,500,500
rank-056,binary-3x3-selected,3,3,2,6,16,40,25,14,300,6900,300,300
rank-057,binary-3x3-selected,3,3,1,49,512,5329,55,14,200,2600,100,100
rank-058,identity,1,1,1,1,2,1,7,6,18,162,9,9
rank-059,identity,2,2,2,2,4,4,13,9,147,2793,147,147
rank-060,identity,3,3,3,3,8,12,19,14,300,9900,500,500
rank-061,identity,4,4,4,4,16,32,25,21,507,25857,1183,1183
rank-062,identity,5,5,5,5,32,80,31,30,675,49275,2025,2025
rank-063,identity,6,6,6,6,64,192,37,41,867,85833,3179,3179
