id,family,input_occurrences,output_occurrences,base_reads,peak_logical_frames,frame_bound,maximum_counter,maximum_cardinality_bound,equivalent
case-0000,sum,0,0,0,2,2,0,0,True
case-0001,sum,1,1,1,2,2,0,1,True
case-0002,sum,2,2,2,2,2,0,2,True
case-0003,sum,1,1,1,2,2,0,1,True
case-0004,sum,2,2,2,2,2,0,2,True
case-0005,sum,3,3,3,2,2,0,3,True
case-0006,sum,2,2,2,2,2,0,2,True
case-0007,sum,3,3,3,2,2,0,3,True
case-0008,sum,4,4,4,2,2,0,4,True
case-0009,sum,1,1,1,2,2,0,1,True
case-0010,sum,2,2,2,2,2,0,2,True
case-0011,sum,3,3,3,2,2,0,3,True
case-0012,sum,2,2,2,2,2,0,2,True
case-0013,sum,3,3,3,2,2,0,3,True
case-0014,sum,4,4,4,2,2,0,4,True
case-0015,sum,3,3,3,2,2,0,3,True
case-0016,sum,4,4,4,2,2,0,4,True
case-0017,sum,5,5,5,2,2,0,5,True
case-0018,sum,2,2,2,2,2,0,2,True
case-0019,sum,3,3,3,2,2,0,3,True
case-0020,sum,4,4,4,2,2,0,4,True
case-0021,sum,3,3,3,2,2,0,3,True
case-0022,sum,4,4,4,2,2,0,4,True
case-0023,sum,5,5,5,2,2,0,5,True
case-0024,sum,4,4,4,2,2,0,4,True
case-0025,sum,5,5,5,2,2,0,5,True
case-0026,sum,6,6,6,2,2,0,6,True
case-0027,sum,1,1,1,2,2,0,1,True
case-0028,sum,2,2,2,2,2,0,2,True
case-0029,sum,3,3,3,2,2,0,3,True
case-0030,sum,2,2,2,2,2,0,2,True
case-0031,sum,3,3,3,2,2,0,3,True
case-0032,sum,4,4,4,2,2,0,4,True
case-0033,sum,3,3,3,2,2,0,3,True
case-0034,sum,4,4,4,2,2,0,4,True
case-0035,sum,5,5,5,2,2,0,5,True
case-0036,sum,2,2,2,2,2,0,2,True
case-0037,sum,3,3,3,2,2,0,3,True
case-0038,sum,4,4,4,2,2,0,4,True
case-0039,sum,3,3,3,2,2,0,3,True
case-0040,sum,4,4,4,2,2,0,4,True
case-0041,sum,5,5,5,2,2,0,5,True
case-0042,sum,4,4,4,2,2,0,4,True
case-0043,sum,5,5,5,2,2,0,5,True
case-0044,sum,6,6,6,2,2,0,6,True
case-0045,sum,3,3,3,2,2,0,3,True
case-0046,sum,4,4,4,2,2,0,4,True
case-0047,sum,5,5,5,2,2,0,5,True
case-0048,sum,4,4,4,2,2,0,4,True
case-0049,sum,5,5,5,2,2,0,5,True
case-0050,sum,6,6,6,2,2,0,6,True
case-0051,sum,5,5,5,2,2,0,5,True
case-0052,sum,6,6,6,2,2,0,6,True
case-0053,sum,7,7,7,2,2,0,7,True
case-0054,sum,2,2,2,2,2,0,2,True
case-0055,sum,3,3,3,2,2,0,3,True
case-0056,sum,4,4,4,2,2,0,4,True
case-0057,sum,3,3,3,2,2,0,3,True
case-0058,sum,4,4,4,2,2,0,4,True
case-0059,sum,5,5,5,2,2,0,5,True
case-0060,sum,4,4,4,2,2,0,4,True
case-0061,sum,5,5,5,2,2,0,5,True
case-0062,sum,6,6,6,2,2,0,6,True
case-0063,sum,3,3,3,2,2,0,3,True
case-0064,sum,4,4,4,2,2,0,4,True
case-0065,sum,5,5,5,2,2,0,5,True
case-0066,sum,4,4,4,2,2,0,4,True
case-0067,sum,5,5,5,2,2,0,5,True
case-0068,sum,6,6,6,2,2,0,6,True
case-0069,sum,5,5,5,2,2,0,5,True
case-0070,sum,6,6,6,2,2,0,6,True
case-0071,sum,7,7,7,2,2,0,7,True
case-0072,sum,4,4,4,2,2,0,4,True
case-0073,sum,5,5,5,2,2,0,5,True
case-0074,sum,6,6,6,2,2,0,6,True
case-0075,sum,5,5,5,2,2,0,5,True
case-0076,sum,6,6,6,2,2,0,6,True
case-0077,sum,7,7,7,2,2,0,7,True
case-0078,sum,6,6,6,2,2,0,6,True
case-0079,sum,7,7,7,2,2,0,7,True
case-0080,sum,8,8,8,2,2,0,8,True
case-0081,diff,0,0,0,2,3,0,0,True
case-0082,diff,1,0,0,2,3,0,1,True
case-0083,diff,2,0,0,2,3,0,2,True
case-0084,diff,1,0,0,2,3,0,1,True
case-0085,diff,2,0,0,2,3,0,2,True
case-0086,diff,3,0,0,2,3,0,3,True
case-0087,diff,2,0,0,2,3,0,2,True
case-0088,diff,3,0,0,2,3,0,3,True
case-0089,diff,4,0,0,2,3,0,4,True
case-0090,diff,1,1,2,3,3,1,1,True
case-0091,diff,2,0,3,3,3,1,1,True
case-0092,diff,3,0,4,3,3,2,2,True
case-0093,diff,2,1,3,3,3,1,1,True
case-0094,diff,3,0,4,3,3,2,2,True
case-0095,diff,4,0,5,3,3,3,3,True
case-0096,diff,3,1,4,3,3,2,2,True
case-0097,diff,4,0,5,3,3,3,3,True
case-0098,diff,5,0,6,3,3,4,4,True
case-0099,diff,2,2,5,3,3,2,2,True
case-0100,diff,3,1,7,3,3,2,2,True
case-0101,diff,4,0,9,3,3,2,2,True
case-0102,diff,3,2,7,3,3,2,2,True
case-0103,diff,4,1,9,3,3,2,2,True
case-0104,diff,5,0,11,3,3,3,3,True
case-0105,diff,4,2,9,3,3,2,2,True
case-0106,diff,5,1,11,3,3,3,3,True
case-0107,diff,6,0,13,3,3,4,4,True
case-0108,diff,1,1,2,3,3,1,1,True
case-0109,diff,2,1,3,3,3,1,1,True
case-0110,diff,3,1,4,3,3,2,2,True
case-0111,diff,2,0,3,3,3,1,1,True
case-0112,diff,3,0,4,3,3,2,2,True
case-0113,diff,4,0,5,3,3,3,3,True
case-0114,diff,3,0,4,3,3,2,2,True
case-0115,diff,4,0,5,3,3,3,3,True
case-0116,diff,5,0,6,3,3,4,4,True
case-0117,diff,2,2,5,3,3,2,2,True
case-0118,diff,3,1,7,3,3,2,2,True
case-0119,diff,4,1,9,3,3,2,2,True
case-0120,diff,3,1,7,3,3,2,2,True
case-0121,diff,4,0,9,3,3,2,2,True
case-0122,diff,5,0,11,3,3,3,3,True
case-0123,diff,4,1,9,3,3,2,2,True
case-0124,diff,5,0,11,3,3,3,3,True
case-0125,diff,6,0,13,3,3,4,4,True
case-0126,diff,3,3,9,3,3,3,3,True
case-0127,diff,4,2,12,3,3,3,3,True
case-0128,diff,5,1,15,3,3,3,3,True
case-0129,diff,4,2,12,3,3,3,3,True
case-0130,diff,5,1,15,3,3,3,3,True
case-0131,diff,6,0,18,3,3,3,3,True
case-0132,diff,5,2,15,3,3,3,3,True
case-0133,diff,6,1,18,3,3,3,3,True
case-0134,diff,7,0,21,3,3,4,4,True
case-0135,diff,2,2,5,3,3,2,2,True
case-0136,diff,3,2,7,3,3,2,2,True
case-0137,diff,4,2,9,3,3,2,2,True
case-0138,diff,3,1,7,3,3,2,2,True
case-0139,diff,4,1,9,3,3,2,2,True
case-0140,diff,5,1,11,3,3,3,3,True
case-0141,diff,4,0,9,3,3,2,2,True
case-0142,diff,5,0,11,3,3,3,3,True
case-0143,diff,6,0,13,3,3,4,4,True
case-0144,diff,3,3,9,3,3,3,3,True
case-0145,diff,4,2,12,3,3,3,3,True
case-0146,diff,5,2,15,3,3,3,3,True
case-0147,diff,4,2,12,3,3,3,3,True
case-0148,diff,5,1,15,3,3,3,3,True
case-0149,diff,6,1,18,3,3,3,3,True
case-0150,diff,5,1,15,3,3,3,3,True
case-0151,diff,6,0,18,3,3,3,3,True
case-0152,diff,7,0,21,3,3,4,4,True
case-0153,diff,4,4,14,3,3,4,4,True
case-0154,diff,5,3,18,3,3,4,4,True
case-0155,diff,6,2,22,3,3,4,4,True
case-0156,diff,5,3,18,3,3,4,4,True
case-0157,diff,6,2,22,3,3,4,4,True
case-0158,diff,7,1,26,3,3,4,4,True
case-0159,diff,6,2,22,3,3,4,4,True
case-0160,diff,7,1,26,3,3,4,4,True
case-0161,diff,8,0,30,3,3,4,4,True
case-0162,inter,0,0,0,2,3,0,0,True
case-0163,inter,1,0,0,2,3,0,1,True
case-0164,inter,2,0,0,2,3,0,2,True
case-0165,inter,1,0,0,2,3,0,1,True
case-0166,inter,2,0,0,2,3,0,2,True
case-0167,inter,3,0,0,2,3,0,3,True
case-0168,inter,2,0,0,2,3,0,2,True
case-0169,inter,3,0,0,2,3,0,3,True
case-0170,inter,4,0,0,2,3,0,4,True
case-0171,inter,1,0,2,3,3,1,1,True
case-0172,inter,2,1,3,3,3,1,1,True
case-0173,inter,3,1,4,3,3,2,2,True
case-0174,inter,2,0,3,3,3,1,1,True
case-0175,inter,3,1,4,3,3,2,2,True
case-0176,inter,4,1,5,3,3,3,3,True
case-0177,inter,3,0,4,3,3,2,2,True
case-0178,inter,4,1,5,3,3,3,3,True
case-0179,inter,5,1,6,3,3,4,4,True
case-0180,inter,2,0,5,3,3,2,2,True
case-0181,inter,3,1,7,3,3,2,2,True
case-0182,inter,4,2,9,3,3,2,2,True
case-0183,inter,3,0,7,3,3,2,2,True
case-0184,inter,4,1,9,3,3,2,2,True
case-0185,inter,5,2,11,3,3,3,3,True
case-0186,inter,4,0,9,3,3,2,2,True
case-0187,inter,5,1,11,3,3,3,3,True
case-0188,inter,6,2,13,3,3,4,4,True
case-0189,inter,1,0,2,3,3,1,1,True
case-0190,inter,2,0,3,3,3,1,1,True
case-0191,inter,3,0,4,3,3,2,2,True
case-0192,inter,2,1,3,3,3,1,1,True
case-0193,inter,3,1,4,3,3,2,2,True
case-0194,inter,4,1,5,3,3,3,3,True
case-0195,inter,3,1,4,3,3,2,2,True
case-0196,inter,4,1,5,3,3,3,3,True
case-0197,inter,5,1,6,3,3,4,4,True
case-0198,inter,2,0,5,3,3,2,2,True
case-0199,inter,3,1,7,3,3,2,2,True
case-0200,inter,4,1,9,3,3,2,2,True
case-0201,inter,3,1,7,3,3,2,2,True
case-0202,inter,4,2,9,3,3,2,2,True
case-0203,inter,5,2,11,3,3,3,3,True
case-0204,inter,4,1,9,3,3,2,2,True
case-0205,inter,5,2,11,3,3,3,3,True
case-0206,inter,6,2,13,3,3,4,4,True
case-0207,inter,3,0,9,3,3,3,3,True
case-0208,inter,4,1,12,3,3,3,3,True
case-0209,inter,5,2,15,3,3,3,3,True
case-0210,inter,4,1,12,3,3,3,3,True
case-0211,inter,5,2,15,3,3,3,3,True
case-0212,inter,6,3,18,3,3,3,3,True
case-0213,inter,5,1,15,3,3,3,3,True
case-0214,inter,6,2,18,3,3,3,3,True
case-0215,inter,7,3,21,3,3,4,4,True
case-0216,inter,2,0,5,3,3,2,2,True
case-0217,inter,3,0,7,3,3,2,2,True
case-0218,inter,4,0,9,3,3,2,2,True
case-0219,inter,3,1,7,3,3,2,2,True
case-0220,inter,4,1,9,3,3,2,2,True
case-0221,inter,5,1,11,3,3,3,3,True
case-0222,inter,4,2,9,3,3,2,2,True
case-0223,inter,5,2,11,3,3,3,3,True
case-0224,inter,6,2,13,3,3,4,4,True
case-0225,inter,3,0,9,3,3,3,3,True
case-0226,inter,4,1,12,3,3,3,3,True
case-0227,inter,5,1,15,3,3,3,3,True
case-0228,inter,4,1,12,3,3,3,3,True
case-0229,inter,5,2,15,3,3,3,3,True
case-0230,inter,6,2,18,3,3,3,3,True
case-0231,inter,5,2,15,3,3,3,3,True
case-0232,inter,6,3,18,3,3,3,3,True
case-0233,inter,7,3,21,3,3,4,4,True
case-0234,inter,4,0,14,3,3,4,4,True
case-0235,inter,5,1,18,3,3,4,4,True
case-0236,inter,6,2,22,3,3,4,4,True
case-0237,inter,5,1,18,3,3,4,4,True
case-0238,inter,6,2,22,3,3,4,4,True
case-0239,inter,7,3,26,3,3,4,4,True
case-0240,inter,6,2,22,3,3,4,4,True
case-0241,inter,7,3,26,3,3,4,4,True
case-0242,inter,8,4,30,3,3,4,4,True
case-0243,union,0,0,0,2,3,0,0,True
case-0244,union,1,1,2,3,3,1,1,True
case-0245,union,2,2,5,3,3,2,2,True
case-0246,union,1,1,2,3,3,1,1,True
case-0247,union,2,2,5,3,3,2,2,True
case-0248,union,3,3,9,3,3,3,3,True
case-0249,union,2,2,5,3,3,2,2,True
case-0250,union,3,3,9,3,3,3,3,True
case-0251,union,4,4,14,3,3,4,4,True
case-0252,union,1,1,1,2,3,0,1,True
case-0253,union,2,1,4,3,3,1,2,True
case-0254,union,3,2,8,3,3,2,3,True
case-0255,union,2,2,4,3,3,1,2,True
case-0256,union,3,2,8,3,3,2,3,True
case-0257,union,4,3,13,3,3,3,4,True
case-0258,union,3,3,8,3,3,2,3,True
case-0259,union,4,3,13,3,3,3,4,True
case-0260,union,5,4,19,3,3,4,5,True
case-0261,union,2,2,2,2,3,0,2,True
case-0262,union,3,2,6,3,3,2,3,True
case-0263,union,4,2,11,3,3,2,4,True
case-0264,union,3,3,6,3,3,2,3,True
case-0265,union,4,3,11,3,3,2,4,True
case-0266,union,5,3,17,3,3,3,5,True
case-0267,union,4,4,11,3,3,2,4,True
case-0268,union,5,4,17,3,3,3,5,True
case-0269,union,6,4,24,3,3,4,6,True
case-0270,union,1,1,1,2,3,0,1,True
case-0271,union,2,2,4,3,3,1,2,True
case-0272,union,3,3,8,3,3,2,3,True
case-0273,union,2,1,4,3,3,1,2,True
case-0274,union,3,2,8,3,3,2,3,True
case-0275,union,4,3,13,3,3,3,4,True
case-0276,union,3,2,8,3,3,2,3,True
case-0277,union,4,3,13,3,3,3,4,True
case-0278,union,5,4,19,3,3,4,5,True
case-0279,union,2,2,2,2,3,0,2,True
case-0280,union,3,2,6,3,3,2,3,True
case-0281,union,4,3,11,3,3,2,4,True
case-0282,union,3,2,6,3,3,2,3,True
case-0283,union,4,2,11,3,3,2,4,True
case-0284,union,5,3,17,3,3,3,5,True
case-0285,union,4,3,11,3,3,2,4,True
case-0286,union,5,3,17,3,3,3,5,True
case-0287,union,6,4,24,3,3,4,6,True
case-0288,union,3,3,3,2,3,0,3,True
case-0289,union,4,3,8,3,3,3,4,True
case-0290,union,5,3,14,3,3,3,5,True
case-0291,union,4,3,8,3,3,3,4,True
case-0292,union,5,3,14,3,3,3,5,True
case-0293,union,6,3,21,3,3,3,6,True
case-0294,union,5,4,14,3,3,3,5,True
case-0295,union,6,4,21,3,3,3,6,True
case-0296,union,7,4,29,3,3,4,7,True
case-0297,union,2,2,2,2,3,0,2,True
case-0298,union,3,3,6,3,3,2,3,True
case-0299,union,4,4,11,3,3,2,4,True
case-0300,union,3,2,6,3,3,2,3,True
case-0301,union,4,3,11,3,3,2,4,True
case-0302,union,5,4,17,3,3,3,5,True
case-0303,union,4,2,11,3,3,2,4,True
case-0304,union,5,3,17,3,3,3,5,True
case-0305,union,6,4,24,3,3,4,6,True
case-0306,union,3,3,3,2,3,0,3,True
case-0307,union,4,3,8,3,3,3,4,True
case-0308,union,5,4,14,3,3,3,5,True
case-0309,union,4,3,8,3,3,3,4,True
case-0310,union,5,3,14,3,3,3,5,True
case-0311,union,6,4,21,3,3,3,6,True
case-0312,union,5,3,14,3,3,3,5,True
case-0313,union,6,3,21,3,3,3,6,True
case-0314,union,7,4,29,3,3,4,7,True
case-0315,union,4,4,4,2,3,0,4,True
case-0316,union,5,4,10,3,3,4,5,True
case-0317,union,6,4,17,3,3,4,6,True
case-0318,union,5,4,10,3,3,4,5,True
case-0319,union,6,4,17,3,3,4,6,True
case-0320,union,7,4,25,3,3,4,7,True
case-0321,union,6,4,17,3,3,4,6,True
case-0322,union,7,4,25,3,3,4,7,True
case-0323,union,8,4,34,3,3,4,8,True
case-0324,product,0,0,0,2,3,0,0,True
case-0325,product,1,0,0,2,3,0,1,True
case-0326,product,2,0,0,2,3,0,2,True
case-0327,product,1,0,0,2,3,0,1,True
case-0328,product,2,0,0,2,3,0,2,True
case-0329,product,3,0,0,2,3,0,3,True
case-0330,product,2,0,0,2,3,0,2,True
case-0331,product,3,0,0,2,3,0,3,True
case-0332,product,4,0,0,2,3,0,4,True
case-0333,product,1,0,1,3,3,0,1,True
case-0334,product,2,1,2,3,3,0,1,True
case-0335,product,3,2,3,3,3,0,2,True
case-0336,product,2,1,2,3,3,0,1,True
case-0337,product,3,2,3,3,3,0,2,True
case-0338,product,4,3,4,3,3,0,3,True
case-0339,product,3,2,3,3,3,0,2,True
case-0340,product,4,3,4,3,3,0,3,True
case-0341,product,5,4,5,3,3,0,4,True
case-0342,product,2,0,2,3,3,0,2,True
case-0343,product,3,2,4,3,3,0,2,True
case-0344,product,4,4,6,3,3,0,4,True
case-0345,product,3,2,4,3,3,0,2,True
case-0346,product,4,4,6,3,3,0,4,True
case-0347,product,5,6,8,3,3,0,6,True
case-0348,product,4,4,6,3,3,0,4,True
case-0349,product,5,6,8,3,3,0,6,True
case-0350,product,6,8,10,3,3,0,8,True
case-0351,product,1,0,1,3,3,0,1,True
case-0352,product,2,1,2,3,3,0,1,True
case-0353,product,3,2,3,3,3,0,2,True
case-0354,product,2,1,2,3,3,0,1,True
case-0355,product,3,2,3,3,3,0,2,True
case-0356,product,4,3,4,3,3,0,3,True
case-0357,product,3,2,3,3,3,0,2,True
case-0358,product,4,3,4,3,3,0,3,True
case-0359,product,5,4,5,3,3,0,4,True
case-0360,product,2,0,2,3,3,0,2,True
case-0361,product,3,2,4,3,3,0,2,True
case-0362,product,4,4,6,3,3,0,4,True
case-0363,product,3,2,4,3,3,0,2,True
case-0364,product,4,4,6,3,3,0,4,True
case-0365,product,5,6,8,3,3,0,6,True
case-0366,product,4,4,6,3,3,0,4,True
case-0367,product,5,6,8,3,3,0,6,True
case-0368,product,6,8,10,3,3,0,8,True
case-0369,product,3,0,3,3,3,0,3,True
case-0370,product,4,3,6,3,3,0,3,True
case-0371,product,5,6,9,3,3,0,6,True
case-0372,product,4,3,6,3,3,0,3,True
case-0373,product,5,6,9,3,3,0,6,True
case-0374,product,6,9,12,3,3,0,9,True
case-0375,product,5,6,9,3,3,0,6,True
case-0376,product,6,9,12,3,3,0,9,True
case-0377,product,7,12,15,3,3,0,12,True
case-0378,product,2,0,2,3,3,0,2,True
case-0379,product,3,2,4,3,3,0,2,True
case-0380,product,4,4,6,3,3,0,4,True
case-0381,product,3,2,4,3,3,0,2,True
case-0382,product,4,4,6,3,3,0,4,True
case-0383,product,5,6,8,3,3,0,6,True
case-0384,product,4,4,6,3,3,0,4,True
case-0385,product,5,6,8,3,3,0,6,True
case-0386,product,6,8,10,3,3,0,8,True
case-0387,product,3,0,3,3,3,0,3,True
case-0388,product,4,3,6,3,3,0,3,True
case-0389,product,5,6,9,3,3,0,6,True
case-0390,product,4,3,6,3,3,0,3,True
case-0391,product,5,6,9,3,3,0,6,True
case-0392,product,6,9,12,3,3,0,9,True
case-0393,product,5,6,9,3,3,0,6,True
case-0394,product,6,9,12,3,3,0,9,True
case-0395,product,7,12,15,3,3,0,12,True
case-0396,product,4,0,4,3,3,0,4,True
case-0397,product,5,4,8,3,3,0,4,True
case-0398,product,6,8,12,3,3,0,8,True
case-0399,product,5,4,8,3,3,0,4,True
case-0400,product,6,8,12,3,3,0,8,True
case-0401,product,7,12,16,3,3,0,12,True
case-0402,product,6,8,12,3,3,0,8,True
case-0403,product,7,12,16,3,3,0,12,True
case-0404,product,8,16,20,3,3,0,16,True
case-0405,left,0,0,0,2,3,0,0,True
case-0406,left,1,0,0,2,3,0,1,True
case-0407,left,2,0,0,2,3,0,2,True
case-0408,left,1,0,0,2,3,0,1,True
case-0409,left,2,0,0,2,3,0,2,True
case-0410,left,3,0,0,2,3,0,3,True
case-0411,left,2,0,0,2,3,0,2,True
case-0412,left,3,0,0,2,3,0,3,True
case-0413,left,4,0,0,2,3,0,4,True
case-0414,left,1,1,1,3,3,0,1,True
case-0415,left,2,1,2,3,3,0,2,True
case-0416,left,3,1,3,3,3,0,3,True
case-0417,left,2,1,2,3,3,0,2,True
case-0418,left,3,1,3,3,3,0,3,True
case-0419,left,4,1,4,3,3,0,4,True
case-0420,left,3,1,3,3,3,0,3,True
case-0421,left,4,1,4,3,3,0,4,True
case-0422,left,5,1,5,3,3,0,5,True
case-0423,left,2,2,2,3,3,0,2,True
case-0424,left,3,2,4,3,3,0,4,True
case-0425,left,4,2,6,3,3,0,6,True
case-0426,left,3,2,4,3,3,0,4,True
case-0427,left,4,2,6,3,3,0,6,True
case-0428,left,5,2,8,3,3,0,8,True
case-0429,left,4,2,6,3,3,0,6,True
case-0430,left,5,2,8,3,3,0,8,True
case-0431,left,6,2,10,3,3,0,10,True
case-0432,left,1,1,1,3,3,0,1,True
case-0433,left,2,1,2,3,3,0,2,True
case-0434,left,3,2,3,3,3,0,3,True
case-0435,left,2,1,2,3,3,0,2,True
case-0436,left,3,1,3,3,3,0,3,True
case-0437,left,4,2,4,3,3,0,4,True
case-0438,left,3,1,3,3,3,0,3,True
case-0439,left,4,1,4,3,3,0,4,True
case-0440,left,5,2,5,3,3,0,5,True
case-0441,left,2,2,2,3,3,0,2,True
case-0442,left,3,2,4,3,3,0,4,True
case-0443,left,4,3,6,3,3,0,6,True
case-0444,left,3,2,4,3,3,0,4,True
case-0445,left,4,2,6,3,3,0,6,True
case-0446,left,5,3,8,3,3,0,8,True
case-0447,left,4,2,6,3,3,0,6,True
case-0448,left,5,2,8,3,3,0,8,True
case-0449,left,6,3,10,3,3,0,10,True
case-0450,left,3,3,3,3,3,0,3,True
case-0451,left,4,3,6,3,3,0,6,True
case-0452,left,5,4,9,3,3,0,9,True
case-0453,left,4,3,6,3,3,0,6,True
case-0454,left,5,3,9,3,3,0,9,True
case-0455,left,6,4,12,3,3,0,12,True
case-0456,left,5,3,9,3,3,0,9,True
case-0457,left,6,3,12,3,3,0,12,True
case-0458,left,7,4,15,3,3,0,15,True
case-0459,left,2,2,2,3,3,0,2,True
case-0460,left,3,2,4,3,3,0,4,True
case-0461,left,4,4,6,3,3,0,6,True
case-0462,left,3,2,4,3,3,0,4,True
case-0463,left,4,2,6,3,3,0,6,True
case-0464,left,5,4,8,3,3,0,8,True
case-0465,left,4,2,6,3,3,0,6,True
case-0466,left,5,2,8,3,3,0,8,True
case-0467,left,6,4,10,3,3,0,10,True
case-0468,left,3,3,3,3,3,0,3,True
case-0469,left,4,3,6,3,3,0,6,True
case-0470,left,5,5,9,3,3,0,9,True
case-0471,left,4,3,6,3,3,0,6,True
case-0472,left,5,3,9,3,3,0,9,True
case-0473,left,6,5,12,3,3,0,12,True
case-0474,left,5,3,9,3,3,0,9,True
case-0475,left,6,3,12,3,3,0,12,True
case-0476,left,7,5,15,3,3,0,15,True
case-0477,left,4,4,4,3,3,0,4,True
case-0478,left,5,4,8,3,3,0,8,True
case-0479,left,6,6,12,3,3,0,12,True
case-0480,left,5,4,8,3,3,0,8,True
case-0481,left,6,4,12,3,3,0,12,True
case-0482,left,7,6,16,3,3,0,16,True
case-0483,left,6,4,12,3,3,0,12,True
case-0484,left,7,4,16,3,3,0,16,True
case-0485,left,8,6,20,3,3,0,20,True
case-0486,full,0,0,0,2,3,0,0,True
case-0487,full,1,1,1,3,3,0,1,True
case-0488,full,2,2,2,3,3,0,2,True
case-0489,full,1,1,1,3,3,0,1,True
case-0490,full,2,2,2,3,3,0,2,True
case-0491,full,3,3,3,3,3,0,3,True
case-0492,full,2,2,2,3,3,0,2,True
case-0493,full,3,3,3,3,3,0,3,True
case-0494,full,4,4,4,3,3,0,4,True
case-0495,full,1,1,1,3,3,0,1,True
case-0496,full,2,2,4,3,3,0,3,True
case-0497,full,3,3,7,3,3,0,5,True
case-0498,full,2,2,4,3,3,0,3,True
case-0499,full,3,3,7,3,3,0,5,True
case-0500,full,4,4,10,3,3,0,7,True
case-0501,full,3,3,7,3,3,0,5,True
case-0502,full,4,4,10,3,3,0,7,True
case-0503,full,5,5,13,3,3,0,9,True
case-0504,full,2,2,2,3,3,0,2,True
case-0505,full,3,3,7,3,3,0,5,True
case-0506,full,4,4,12,3,3,0,8,True
case-0507,full,3,3,7,3,3,0,5,True
case-0508,full,4,4,12,3,3,0,8,True
case-0509,full,5,5,17,3,3,0,11,True
case-0510,full,4,4,12,3,3,0,8,True
case-0511,full,5,5,17,3,3,0,11,True
case-0512,full,6,6,22,3,3,0,14,True
case-0513,full,1,1,1,3,3,0,1,True
case-0514,full,2,1,4,3,3,0,3,True
case-0515,full,3,2,7,3,3,0,5,True
case-0516,full,2,2,4,3,3,0,3,True
case-0517,full,3,2,7,3,3,0,5,True
case-0518,full,4,3,10,3,3,0,7,True
case-0519,full,3,3,7,3,3,0,5,True
case-0520,full,4,3,10,3,3,0,7,True
case-0521,full,5,4,13,3,3,0,9,True
case-0522,full,2,2,2,3,3,0,2,True
case-0523,full,3,2,6,3,3,0,5,True
case-0524,full,4,3,10,3,3,0,8,True
case-0525,full,3,3,7,3,3,0,5,True
case-0526,full,4,3,11,3,3,0,8,True
case-0527,full,5,4,15,3,3,0,11,True
case-0528,full,4,4,12,3,3,0,8,True
case-0529,full,5,4,16,3,3,0,11,True
case-0530,full,6,5,20,3,3,0,14,True
case-0531,full,3,3,3,3,3,0,3,True
case-0532,full,4,3,8,3,3,0,7,True
case-0533,full,5,4,13,3,3,0,11,True
case-0534,full,4,4,10,3,3,0,7,True
case-0535,full,5,4,15,3,3,0,11,True
case-0536,full,6,5,20,3,3,0,15,True
case-0537,full,5,5,17,3,3,0,11,True
case-0538,full,6,5,22,3,3,0,15,True
case-0539,full,7,6,27,3,3,0,19,True
case-0540,full,2,2,2,3,3,0,2,True
case-0541,full,3,2,6,3,3,0,5,True
case-0542,full,4,4,10,3,3,0,8,True
case-0543,full,3,3,7,3,3,0,5,True
case-0544,full,4,3,11,3,3,0,8,True
case-0545,full,5,5,15,3,3,0,11,True
case-0546,full,4,4,12,3,3,0,8,True
case-0547,full,5,4,16,3,3,0,11,True
case-0548,full,6,6,20,3,3,0,14,True
case-0549,full,3,3,3,3,3,0,3,True
case-0550,full,4,3,8,3,3,0,7,True
case-0551,full,5,5,13,3,3,0,11,True
case-0552,full,4,4,10,3,3,0,7,True
case-0553,full,5,4,15,3,3,0,11,True
case-0554,full,6,6,20,3,3,0,15,True
case-0555,full,5,5,17,3,3,0,11,True
case-0556,full,6,5,22,3,3,0,15,True
case-0557,full,7,7,27,3,3,0,19,True
case-0558,full,4,4,4,3,3,0,4,True
case-0559,full,5,4,10,3,3,0,9,True
case-0560,full,6,6,16,3,3,0,14,True
case-0561,full,5,5,13,3,3,0,9,True
case-0562,full,6,5,19,3,3,0,14,True
case-0563,full,7,7,25,3,3,0,19,True
case-0564,full,6,6,22,3,3,0,14,True
case-0565,full,7,6,28,3,3,0,19,True
case-0566,full,8,8,34,3,3,0,24,True
case-0567,project-product,0,0,0,3,4,0,0,True
case-0568,project-product,1,0,0,3,4,0,1,True
case-0569,project-product,2,0,0,3,4,0,2,True
case-0570,project-product,1,0,0,3,4,0,1,True
case-0571,project-product,2,0,0,3,4,0,2,True
case-0572,project-product,3,0,0,3,4,0,3,True
case-0573,project-product,2,0,0,3,4,0,2,True
case-0574,project-product,3,0,0,3,4,0,3,True
case-0575,project-product,4,0,0,3,4,0,4,True
case-0576,project-product,1,0,1,4,4,0,1,True
case-0577,project-product,2,1,2,4,4,0,1,True
case-0578,project-product,3,2,3,4,4,0,2,True
case-0579,project-product,2,1,2,4,4,0,1,True
case-0580,project-product,3,2,3,4,4,0,2,True
case-0581,project-product,4,3,4,4,4,0,3,True
case-0582,project-product,3,2,3,4,4,0,2,True
case-0583,project-product,4,3,4,4,4,0,3,True
case-0584,project-product,5,4,5,4,4,0,4,True
case-0585,project-product,2,0,2,4,4,0,2,True
case-0586,project-product,3,2,4,4,4,0,2,True
case-0587,project-product,4,4,6,4,4,0,4,True
case-0588,project-product,3,2,4,4,4,0,2,True
case-0589,project-product,4,4,6,4,4,0,4,True
case-0590,project-product,5,6,8,4,4,0,6,True
case-0591,project-product,4,4,6,4,4,0,4,True
case-0592,project-product,5,6,8,4,4,0,6,True
case-0593,project-product,6,8,10,4,4,0,8,True
case-0594,project-product,1,0,1,4,4,0,1,True
case-0595,project-product,2,1,2,4,4,0,1,True
case-0596,project-product,3,2,3,4,4,0,2,True
case-0597,project-product,2,1,2,4,4,0,1,True
case-0598,project-product,3,2,3,4,4,0,2,True
case-0599,project-product,4,3,4,4,4,0,3,True
case-0600,project-product,3,2,3,4,4,0,2,True
case-0601,project-product,4,3,4,4,4,0,3,True
case-0602,project-product,5,4,5,4,4,0,4,True
case-0603,project-product,2,0,2,4,4,0,2,True
case-0604,project-product,3,2,4,4,4,0,2,True
case-0605,project-product,4,4,6,4,4,0,4,True
case-0606,project-product,3,2,4,4,4,0,2,True
case-0607,project-product,4,4,6,4,4,0,4,True
case-0608,project-product,5,6,8,4,4,0,6,True
case-0609,project-product,4,4,6,4,4,0,4,True
case-0610,project-product,5,6,8,4,4,0,6,True
case-0611,project-product,6,8,10,4,4,0,8,True
case-0612,project-product,3,0,3,4,4,0,3,True
case-0613,project-product,4,3,6,4,4,0,3,True
case-0614,project-product,5,6,9,4,4,0,6,True
case-0615,project-product,4,3,6,4,4,0,3,True
case-0616,project-product,5,6,9,4,4,0,6,True
case-0617,project-product,6,9,12,4,4,0,9,True
case-0618,project-product,5,6,9,4,4,0,6,True
case-0619,project-product,6,9,12,4,4,0,9,True
case-0620,project-product,7,12,15,4,4,0,12,True
case-0621,project-product,2,0,2,4,4,0,2,True
case-0622,project-product,3,2,4,4,4,0,2,True
case-0623,project-product,4,4,6,4,4,0,4,True
case-0624,project-product,3,2,4,4,4,0,2,True
case-0625,project-product,4,4,6,4,4,0,4,True
case-0626,project-product,5,6,8,4,4,0,6,True
case-0627,project-product,4,4,6,4,4,0,4,True
case-0628,project-product,5,6,8,4,4,0,6,True
case-0629,project-product,6,8,10,4,4,0,8,True
case-0630,project-product,3,0,3,4,4,0,3,True
case-0631,project-product,4,3,6,4,4,0,3,True
case-0632,project-product,5,6,9,4,4,0,6,True
case-0633,project-product,4,3,6,4,4,0,3,True
case-0634,project-product,5,6,9,4,4,0,6,True
case-0635,project-product,6,9,12,4,4,0,9,True
case-0636,project-product,5,6,9,4,4,0,6,True
case-0637,project-product,6,9,12,4,4,0,9,True
case-0638,project-product,7,12,15,4,4,0,12,True
case-0639,project-product,4,0,4,4,4,0,4,True
case-0640,project-product,5,4,8,4,4,0,4,True
case-0641,project-product,6,8,12,4,4,0,8,True
case-0642,project-product,5,4,8,4,4,0,4,True
case-0643,project-product,6,8,12,4,4,0,8,True
case-0644,project-product,7,12,16,4,4,0,12,True
case-0645,project-product,6,8,12,4,4,0,8,True
case-0646,project-product,7,12,16,4,4,0,12,True
case-0647,project-product,8,16,20,4,4,0,16,True
case-0648,filter-sum,0,0,0,3,3,0,0,True
case-0649,filter-sum,1,0,1,3,3,0,1,True
case-0650,filter-sum,2,0,2,3,3,0,2,True
case-0651,filter-sum,1,1,1,3,3,0,1,True
case-0652,filter-sum,2,1,2,3,3,0,2,True
case-0653,filter-sum,3,1,3,3,3,0,3,True
case-0654,filter-sum,2,2,2,3,3,0,2,True
case-0655,filter-sum,3,2,3,3,3,0,3,True
case-0656,filter-sum,4,2,4,3,3,0,4,True
case-0657,filter-sum,1,0,1,3,3,0,1,True
case-0658,filter-sum,2,0,2,3,3,0,2,True
case-0659,filter-sum,3,0,3,3,3,0,3,True
case-0660,filter-sum,2,1,2,3,3,0,2,True
case-0661,filter-sum,3,1,3,3,3,0,3,True
case-0662,filter-sum,4,1,4,3,3,0,4,True
case-0663,filter-sum,3,2,3,3,3,0,3,True
case-0664,filter-sum,4,2,4,3,3,0,4,True
case-0665,filter-sum,5,2,5,3,3,0,5,True
case-0666,filter-sum,2,0,2,3,3,0,2,True
case-0667,filter-sum,3,0,3,3,3,0,3,True
case-0668,filter-sum,4,0,4,3,3,0,4,True
case-0669,filter-sum,3,1,3,3,3,0,3,True
case-0670,filter-sum,4,1,4,3,3,0,4,True
case-0671,filter-sum,5,1,5,3,3,0,5,True
case-0672,filter-sum,4,2,4,3,3,0,4,True
case-0673,filter-sum,5,2,5,3,3,0,5,True
case-0674,filter-sum,6,2,6,3,3,0,6,True
case-0675,filter-sum,1,1,1,3,3,0,1,True
case-0676,filter-sum,2,1,2,3,3,0,2,True
case-0677,filter-sum,3,1,3,3,3,0,3,True
case-0678,filter-sum,2,2,2,3,3,0,2,True
case-0679,filter-sum,3,2,3,3,3,0,3,True
case-0680,filter-sum,4,2,4,3,3,0,4,True
case-0681,filter-sum,3,3,3,3,3,0,3,True
case-0682,filter-sum,4,3,4,3,3,0,4,True
case-0683,filter-sum,5,3,5,3,3,0,5,True
case-0684,filter-sum,2,1,2,3,3,0,2,True
case-0685,filter-sum,3,1,3,3,3,0,3,True
case-0686,filter-sum,4,1,4,3,3,0,4,True
case-0687,filter-sum,3,2,3,3,3,0,3,True
case-0688,filter-sum,4,2,4,3,3,0,4,True
case-0689,filter-sum,5,2,5,3,3,0,5,True
case-0690,filter-sum,4,3,4,3,3,0,4,True
case-0691,filter-sum,5,3,5,3,3,0,5,True
case-0692,filter-sum,6,3,6,3,3,0,6,True
case-0693,filter-sum,3,1,3,3,3,0,3,True
case-0694,filter-sum,4,1,4,3,3,0,4,True
case-0695,filter-sum,5,1,5,3,3,0,5,True
case-0696,filter-sum,4,2,4,3,3,0,4,True
case-0697,filter-sum,5,2,5,3,3,0,5,True
case-0698,filter-sum,6,2,6,3,3,0,6,True
case-0699,filter-sum,5,3,5,3,3,0,5,True
case-0700,filter-sum,6,3,6,3,3,0,6,True
case-0701,filter-sum,7,3,7,3,3,0,7,True
case-0702,filter-sum,2,2,2,3,3,0,2,True
case-0703,filter-sum,3,2,3,3,3,0,3,True
case-0704,filter-sum,4,2,4,3,3,0,4,True
case-0705,filter-sum,3,3,3,3,3,0,3,True
case-0706,filter-sum,4,3,4,3,3,0,4,True
case-0707,filter-sum,5,3,5,3,3,0,5,True
case-0708,filter-sum,4,4,4,3,3,0,4,True
case-0709,filter-sum,5,4,5,3,3,0,5,True
case-0710,filter-sum,6,4,6,3,3,0,6,True
case-0711,filter-sum,3,2,3,3,3,0,3,True
case-0712,filter-sum,4,2,4,3,3,0,4,True
case-0713,filter-sum,5,2,5,3,3,0,5,True
case-0714,filter-sum,4,3,4,3,3,0,4,True
case-0715,filter-sum,5,3,5,3,3,0,5,True
case-0716,filter-sum,6,3,6,3,3,0,6,True
case-0717,filter-sum,5,4,5,3,3,0,5,True
case-0718,filter-sum,6,4,6,3,3,0,6,True
case-0719,filter-sum,7,4,7,3,3,0,7,True
case-0720,filter-sum,4,2,4,3,3,0,4,True
case-0721,filter-sum,5,2,5,3,3,0,5,True
case-0722,filter-sum,6,2,6,3,3,0,6,True
case-0723,filter-sum,5,3,5,3,3,0,5,True
case-0724,filter-sum,6,3,6,3,3,0,6,True
case-0725,filter-sum,7,3,7,3,3,0,7,True
case-0726,filter-sum,6,4,6,3,3,0,6,True
case-0727,filter-sum,7,4,7,3,3,0,7,True
case-0728,filter-sum,8,4,8,3,3,0,8,True
case-0729,nested-diff,0,0,0,3,5,0,0,True
case-0730,nested-diff,1,1,2,5,5,1,1,True
case-0731,nested-diff,2,2,5,5,5,2,2,True
case-0732,nested-diff,1,1,2,5,5,1,1,True
case-0733,nested-diff,2,2,5,5,5,2,2,True
case-0734,nested-diff,3,3,9,5,5,3,3,True
case-0735,nested-diff,2,2,5,5,5,2,2,True
case-0736,nested-diff,3,3,9,5,5,3,3,True
case-0737,nested-diff,4,4,14,5,5,4,4,True
case-0738,nested-diff,1,0,3,5,5,1,1,True
case-0739,nested-diff,2,1,7,5,5,2,2,True
case-0740,nested-diff,3,2,12,5,5,3,3,True
case-0741,nested-diff,2,1,7,5,5,2,2,True
case-0742,nested-diff,3,2,12,5,5,3,3,True
case-0743,nested-diff,4,3,18,5,5,4,4,True
case-0744,nested-diff,3,2,12,5,5,3,3,True
case-0745,nested-diff,4,3,18,5,5,4,4,True
case-0746,nested-diff,5,4,25,5,5,5,5,True
case-0747,nested-diff,2,0,9,5,5,2,2,True
case-0748,nested-diff,3,1,15,5,5,3,3,True
case-0749,nested-diff,4,2,22,5,5,4,4,True
case-0750,nested-diff,3,1,15,5,5,3,3,True
case-0751,nested-diff,4,2,22,5,5,4,4,True
case-0752,nested-diff,5,3,30,5,5,5,5,True
case-0753,nested-diff,4,2,22,5,5,4,4,True
case-0754,nested-diff,5,3,30,5,5,5,5,True
case-0755,nested-diff,6,4,39,5,5,6,6,True
case-0756,nested-diff,1,0,3,5,5,1,1,True
case-0757,nested-diff,2,1,7,5,5,2,2,True
case-0758,nested-diff,3,2,12,5,5,3,3,True
case-0759,nested-diff,2,1,7,5,5,2,2,True
case-0760,nested-diff,3,2,12,5,5,3,3,True
case-0761,nested-diff,4,3,18,5,5,4,4,True
case-0762,nested-diff,3,2,12,5,5,3,3,True
case-0763,nested-diff,4,3,18,5,5,4,4,True
case-0764,nested-diff,5,4,25,5,5,5,5,True
case-0765,nested-diff,2,0,9,5,5,2,2,True
case-0766,nested-diff,3,1,15,5,5,3,3,True
case-0767,nested-diff,4,2,22,5,5,4,4,True
case-0768,nested-diff,3,1,15,5,5,3,3,True
case-0769,nested-diff,4,2,22,5,5,4,4,True
case-0770,nested-diff,5,3,30,5,5,5,5,True
case-0771,nested-diff,4,2,22,5,5,4,4,True
case-0772,nested-diff,5,3,30,5,5,5,5,True
case-0773,nested-diff,6,4,39,5,5,6,6,True
case-0774,nested-diff,3,0,18,5,5,3,3,True
case-0775,nested-diff,4,1,26,5,5,4,4,True
case-0776,nested-diff,5,2,35,5,5,5,5,True
case-0777,nested-diff,4,1,26,5,5,4,4,True
case-0778,nested-diff,5,2,35,5,5,5,5,True
case-0779,nested-diff,6,3,45,5,5,6,6,True
case-0780,nested-diff,5,2,35,5,5,5,5,True
case-0781,nested-diff,6,3,45,5,5,6,6,True
case-0782,nested-diff,7,4,56,5,5,7,7,True
case-0783,nested-diff,2,0,9,5,5,2,2,True
case-0784,nested-diff,3,1,15,5,5,3,3,True
case-0785,nested-diff,4,2,22,5,5,4,4,True
case-0786,nested-diff,3,1,15,5,5,3,3,True
case-0787,nested-diff,4,2,22,5,5,4,4,True
case-0788,nested-diff,5,3,30,5,5,5,5,True
case-0789,nested-diff,4,2,22,5,5,4,4,True
case-0790,nested-diff,5,3,30,5,5,5,5,True
case-0791,nested-diff,6,4,39,5,5,6,6,True
case-0792,nested-diff,3,0,18,5,5,3,3,True
case-0793,nested-diff,4,1,26,5,5,4,4,True
case-0794,nested-diff,5,2,35,5,5,5,5,True
case-0795,nested-diff,4,1,26,5,5,4,4,True
case-0796,nested-diff,5,2,35,5,5,5,5,True
case-0797,nested-diff,6,3,45,5,5,6,6,True
case-0798,nested-diff,5,2,35,5,5,5,5,True
case-0799,nested-diff,6,3,45,5,5,6,6,True
case-0800,nested-diff,7,4,56,5,5,7,7,True
case-0801,nested-diff,4,0,30,5,5,4,4,True
case-0802,nested-diff,5,1,40,5,5,5,5,True
case-0803,nested-diff,6,2,51,5,5,6,6,True
case-0804,nested-diff,5,1,40,5,5,5,5,True
case-0805,nested-diff,6,2,51,5,5,6,6,True
case-0806,nested-diff,7,3,63,5,5,7,7,True
case-0807,nested-diff,6,2,51,5,5,6,6,True
case-0808,nested-diff,7,3,63,5,5,7,7,True
case-0809,nested-diff,8,4,76,5,5,8,8,True
case-0810,shared-product,0,0,0,4,6,0,0,True
case-0811,shared-product,1,1,2,6,6,0,1,True
case-0812,shared-product,2,4,6,6,6,0,4,True
case-0813,shared-product,1,1,2,6,6,0,1,True
case-0814,shared-product,2,4,6,6,6,0,4,True
case-0815,shared-product,3,9,12,6,6,0,9,True
case-0816,shared-product,2,4,6,6,6,0,4,True
case-0817,shared-product,3,9,12,6,6,0,9,True
case-0818,shared-product,4,16,20,6,6,0,16,True
case-0819,shared-product,1,1,2,6,6,0,1,True
case-0820,shared-product,2,4,6,6,6,0,4,True
case-0821,shared-product,3,9,12,6,6,0,9,True
case-0822,shared-product,2,4,6,6,6,0,4,True
case-0823,shared-product,3,9,12,6,6,0,9,True
case-0824,shared-product,4,16,20,6,6,0,16,True
case-0825,shared-product,3,9,12,6,6,0,9,True
case-0826,shared-product,4,16,20,6,6,0,16,True
case-0827,shared-product,5,25,30,6,6,0,25,True
case-0828,shared-product,2,4,6,6,6,0,4,True
case-0829,shared-product,3,9,12,6,6,0,9,True
case-0830,shared-product,4,16,20,6,6,0,16,True
case-0831,shared-product,3,9,12,6,6,0,9,True
case-0832,shared-product,4,16,20,6,6,0,16,True
case-0833,shared-product,5,25,30,6,6,0,25,True
case-0834,shared-product,4,16,20,6,6,0,16,True
case-0835,shared-product,5,25,30,6,6,0,25,True
case-0836,shared-product,6,36,42,6,6,0,36,True
case-0837,shared-product,1,1,2,6,6,0,1,True
case-0838,shared-product,2,4,6,6,6,0,4,True
case-0839,shared-product,3,9,12,6,6,0,9,True
case-0840,shared-product,2,4,6,6,6,0,4,True
case-0841,shared-product,3,9,12,6,6,0,9,True
case-0842,shared-product,4,16,20,6,6,0,16,True
case-0843,shared-product,3,9,12,6,6,0,9,True
case-0844,shared-product,4,16,20,6,6,0,16,True
case-0845,shared-product,5,25,30,6,6,0,25,True
case-0846,shared-product,2,4,6,6,6,0,4,True
case-0847,shared-product,3,9,12,6,6,0,9,True
case-0848,shared-product,4,16,20,6,6,0,16,True
case-0849,shared-product,3,9,12,6,6,0,9,True
case-0850,shared-product,4,16,20,6,6,0,16,True
case-0851,shared-product,5,25,30,6,6,0,25,True
case-0852,shared-product,4,16,20,6,6,0,16,True
case-0853,shared-product,5,25,30,6,6,0,25,True
case-0854,shared-product,6,36,42,6,6,0,36,True
case-0855,shared-product,3,9,12,6,6,0,9,True
case-0856,shared-product,4,16,20,6,6,0,16,True
case-0857,shared-product,5,25,30,6,6,0,25,True
case-0858,shared-product,4,16,20,6,6,0,16,True
case-0859,shared-product,5,25,30,6,6,0,25,True
case-0860,shared-product,6,36,42,6,6,0,36,True
case-0861,shared-product,5,25,30,6,6,0,25,True
case-0862,shared-product,6,36,42,6,6,0,36,True
case-0863,shared-product,7,49,56,6,6,0,49,True
case-0864,shared-product,2,4,6,6,6,0,4,True
case-0865,shared-product,3,9,12,6,6,0,9,True
case-0866,shared-product,4,16,20,6,6,0,16,True
case-0867,shared-product,3,9,12,6,6,0,9,True
case-0868,shared-product,4,16,20,6,6,0,16,True
case-0869,shared-product,5,25,30,6,6,0,25,True
case-0870,shared-product,4,16,20,6,6,0,16,True
case-0871,shared-product,5,25,30,6,6,0,25,True
case-0872,shared-product,6,36,42,6,6,0,36,True
case-0873,shared-product,3,9,12,6,6,0,9,True
case-0874,shared-product,4,16,20,6,6,0,16,True
case-0875,shared-product,5,25,30,6,6,0,25,True
case-0876,shared-product,4,16,20,6,6,0,16,True
case-0877,shared-product,5,25,30,6,6,0,25,True
case-0878,shared-product,6,36,42,6,6,0,36,True
case-0879,shared-product,5,25,30,6,6,0,25,True
case-0880,shared-product,6,36,42,6,6,0,36,True
case-0881,shared-product,7,49,56,6,6,0,49,True
case-0882,shared-product,4,16,20,6,6,0,16,True
case-0883,shared-product,5,25,30,6,6,0,25,True
case-0884,shared-product,6,36,42,6,6,0,36,True
case-0885,shared-product,5,25,30,6,6,0,25,True
case-0886,shared-product,6,36,42,6,6,0,36,True
case-0887,shared-product,7,49,56,6,6,0,49,True
case-0888,shared-product,6,36,42,6,6,0,36,True
case-0889,shared-product,7,49,56,6,6,0,49,True
case-0890,shared-product,8,64,72,6,6,0,64,True
case-0891,nullable-full,6,5,23,3,3,0,15,True
case-0892,nullable-project,6,5,23,4,4,0,15,True
case-0893,nullable-diff,6,1,18,3,3,3,3,True
case-0894,unit-product,5,6,8,3,3,0,6,True
case-0895,explicit-empty,2,2,2,3,3,0,2,True
